biodiversity_0001	0.58369922
biodiversity_0002	0.57064288
biodiversity_0005	0.85453695
biodiversity_0006	0.81700669
biodiversity_0007	3.23223342
biodiversity_0012	0.50000625
biodiversity_0016	0.72115727
biodiversity_0017	0.55834544
biodiversity_0018	0.50000517
biodiversity_0019	0.54144948
biodiversity_0021	1.90582657
biodiversity_0022	1.07216494
biodiversity_0024	0.82131017
biodiversity_0025	0.50000462
biodiversity_0027	1.18228810
biodiversity_0028	0.90246791
biodiversity_0029	0.50000457
biodiversity_0030	0.50000473
biodiversity_0031	0.55903569
biodiversity_0032	0.67112497
biodiversity_0034	0.60717700
biodiversity_0035	0.61135794
biodiversity_0037	0.50000332
biodiversity_0038	0.50000345
biodiversity_0039	0.50000283
biodiversity_0040	0.50000270
biodiversity_0042	0.50000311
biodiversity_0043	0.58789077
biodiversity_0045	0.50001408
biodiversity_0047	0.91083500
biodiversity_0049	0.87767560
biodiversity_0050	1.01620969
biodiversity_0051	0.73734207
biodiversity_0052	0.77410623
biodiversity_0053	1.62651616
biodiversity_0054	2.77394149
biodiversity_0055	3.63786433
biodiversity_0056	3.31417363
biodiversity_0057	1.43260384
biodiversity_0060	0.55803353
biodiversity_0064	0.74449417
biodiversity_0065	0.61286383
biodiversity_0066	0.63167736
biodiversity_0068	0.68470571
biodiversity_0069	0.78691371
biodiversity_0070	0.71916008
biodiversity_0071	0.50000250
biodiversity_0075	0.87905023
biodiversity_0076	0.50013826
biodiversity_0079	0.52060088
biodiversity_0080	0.59737759
biodiversity_0082	0.50000333
biodiversity_0083	0.50000282
biodiversity_0085	0.50000293
biodiversity_0087	0.50000302
biodiversity_0088	0.50000302
biodiversity_0089	0.56871491
biodiversity_0091	0.66425128
biodiversity_0092	0.82019447
biodiversity_0094	1.02068903
biodiversity_0095	0.91753948
biodiversity_0099	0.74116127
biodiversity_0100	0.98492142
biodiversity_0103	3.67104316
biodiversity_0104	3.67104316
biodiversity_0105	0.97476798
biodiversity_0107	0.58866635
biodiversity_0109	0.71785871
biodiversity_0110	1.11655741
biodiversity_0111	0.92366136
biodiversity_0115	0.58340055
biodiversity_0116	0.66328914
biodiversity_0117	0.61898634
biodiversity_0119	0.51425650
biodiversity_0120	0.67201357
biodiversity_0121	1.26330662
biodiversity_0122	1.00568611
biodiversity_0123	0.78610889
biodiversity_0124	0.89974990
biodiversity_0126	0.53049997
biodiversity_0128	0.63117035
biodiversity_0129	0.52403266
biodiversity_0130	0.50000262
biodiversity_0131	0.50000250
biodiversity_0134	0.50000250
biodiversity_0136	0.58692656
biodiversity_0137	0.60474558
biodiversity_0138	0.62495443
biodiversity_0141	0.74440340
biodiversity_0142	0.65101275
biodiversity_0143	0.55917775
biodiversity_0145	0.50000258
biodiversity_0146	0.64936220
biodiversity_0147	0.88612685
biodiversity_0148	0.83264282
biodiversity_0150	2.72709274
biodiversity_0152	0.76168715
biodiversity_0153	0.57215861
biodiversity_0154	0.60931199
biodiversity_0155	0.54774167
biodiversity_0156	0.52580623
biodiversity_0158	0.78716705
biodiversity_0159	0.62636249
biodiversity_0160	0.53015157
biodiversity_0162	0.67375187
biodiversity_0163	0.74090868
biodiversity_0166	0.53594066
biodiversity_0172	0.73737227
biodiversity_0173	1.21565326
biodiversity_0174	1.11584577
biodiversity_0176	0.56746535
biodiversity_0177	0.50000323
biodiversity_0178	0.50000263
biodiversity_0179	0.50000250
biodiversity_0180	0.50001559
biodiversity_0182	0.57585171
biodiversity_0184	0.63463622
biodiversity_0185	0.75713211
biodiversity_0186	1.16907677
biodiversity_0187	0.72606161
biodiversity_0188	0.56529181
biodiversity_0191	0.50000250
biodiversity_0194	1.22804343
biodiversity_0195	0.96090779
biodiversity_0196	1.26142480
biodiversity_0198	0.74167964
biodiversity_0199	0.68328258
biodiversity_0200	0.67904955
biodiversity_0202	0.56685590
biodiversity_0205	0.64167545
biodiversity_0206	0.58753150
biodiversity_0207	0.52062183
biodiversity_0210	0.63868120
biodiversity_0211	0.66617917
biodiversity_0212	0.64456286
biodiversity_0213	0.54234345
biodiversity_0214	0.59557349
biodiversity_0215	0.64666288
biodiversity_0217	0.71234123
biodiversity_0218	0.65394062
biodiversity_0220	1.32329153
biodiversity_0221	1.06728744
biodiversity_0222	0.73272570
biodiversity_0223	0.60602250
biodiversity_0224	0.62976238
biodiversity_0225	0.56433741
biodiversity_0228	2.09003296
biodiversity_0229	2.08865227
biodiversity_0230	1.10992347
biodiversity_0231	0.81102938
biodiversity_0232	0.94077281
biodiversity_0233	1.48842430
biodiversity_0234	1.08369516
biodiversity_0235	0.75869552
biodiversity_0237	0.50571481
biodiversity_0240	1.05370901
biodiversity_0242	1.10090734
biodiversity_0243	1.68149127
biodiversity_0245	0.88684835
biodiversity_0246	0.71203386
biodiversity_0247	0.65750689
biodiversity_0248	0.72836183
biodiversity_0249	0.66408431
biodiversity_0251	0.53294875
biodiversity_0252	0.52689994
biodiversity_0253	0.52506977
biodiversity_0255	0.50000286
biodiversity_0256	0.50000286
biodiversity_0257	0.50000259
biodiversity_0260	0.51981080
biodiversity_0262	1.13481896
biodiversity_0264	0.78016946
biodiversity_0266	0.52903518
biodiversity_0268	0.53588679
biodiversity_0269	0.52755693
biodiversity_0271	0.91862286
biodiversity_0272	1.05276761
biodiversity_0273	1.07742156
biodiversity_0274	1.15717891
biodiversity_0278	0.75282100
biodiversity_0280	0.98410761
biodiversity_0281	0.90072158
biodiversity_0283	0.53621131
biodiversity_0284	0.50509284
biodiversity_0285	0.52197443
biodiversity_0286	0.53469369
biodiversity_0287	0.69573781
biodiversity_0290	0.92643699
biodiversity_0291	1.78058117
biodiversity_0296	2.41970909
biodiversity_0299	0.50000284
biodiversity_0302	0.50032240
biodiversity_0306	0.92795941
biodiversity_0307	0.57053244
biodiversity_0308	0.51419209
biodiversity_0309	1.20026708
biodiversity_0310	1.33419111
biodiversity_0312	0.73840421
biodiversity_0315	0.93047330
biodiversity_0316	0.87519267
biodiversity_0317	1.19475375
biodiversity_0318	1.27585017
biodiversity_0319	2.06985869
biodiversity_0320	2.43005770
biodiversity_0321	1.10668221
biodiversity_0323	0.50000416
biodiversity_0324	0.50337834
biodiversity_0325	0.57364739
biodiversity_0329	0.51284692
biodiversity_0332	0.52527482
biodiversity_0333	0.77475355
biodiversity_0334	1.13309217
biodiversity_0337	1.33616055
biodiversity_0338	2.67146380
biodiversity_0340	3.63774951
biodiversity_0341	3.67104316
biodiversity_0343	2.36942129
biodiversity_0351	0.50000250
biodiversity_0354	0.82184192
biodiversity_0357	1.03901343
biodiversity_0358	0.69357861
biodiversity_0361	1.88226132
biodiversity_0362	1.15179564
biodiversity_0363	0.83316371
biodiversity_0364	1.31744393
biodiversity_0365	1.81398077
biodiversity_0368	0.98224274
biodiversity_0370	0.50000383
biodiversity_0371	0.76536419
biodiversity_0374	0.76561663
biodiversity_0375	0.74620902
biodiversity_0376	0.75202671
biodiversity_0377	0.78570267
biodiversity_0378	0.78833120
biodiversity_0379	0.87383612
biodiversity_0380	1.19472161
biodiversity_0381	1.57799078
biodiversity_0385	3.67104316
biodiversity_0388	1.99505087
biodiversity_0389	1.28158229
biodiversity_0391	0.76400683
biodiversity_0393	0.50000283
biodiversity_0394	0.50000250
biodiversity_0395	0.50000250
biodiversity_0396	0.54826889
biodiversity_0398	0.52320537
biodiversity_0399	0.66152765
biodiversity_0401	0.99375955
biodiversity_0404	0.75781423
biodiversity_0405	0.65457479
biodiversity_0406	0.60020983
biodiversity_0411	0.63324056
biodiversity_0412	1.15256428
biodiversity_0415	0.85068534
biodiversity_0417	0.50000279
biodiversity_0419	1.08175397
biodiversity_0422	0.63109931
biodiversity_0424	2.02336398
biodiversity_0426	1.12382546
biodiversity_0427	0.83372014
biodiversity_0428	0.88139737
biodiversity_0429	0.84014375
biodiversity_0430	0.86139486
biodiversity_0433	3.67104316
biodiversity_0436	1.49054604
biodiversity_0437	1.36542966
biodiversity_0438	0.81007882
biodiversity_0439	0.60074899
biodiversity_0440	0.50000275
biodiversity_0441	0.50000272
biodiversity_0442	0.50000258
biodiversity_0443	0.81182108
biodiversity_0448	0.63861286
biodiversity_0449	0.50000250
biodiversity_0451	1.07697804
biodiversity_0452	2.77216417
biodiversity_0453	1.78567159
biodiversity_0455	1.08984765
biodiversity_0456	0.65976070
biodiversity_0457	0.51316641
biodiversity_0458	0.50000250
biodiversity_0459	0.50000272
biodiversity_0462	0.76656785
biodiversity_0463	0.54351687
biodiversity_0465	1.27676053
biodiversity_0466	1.33709841
biodiversity_0469	0.51737643
biodiversity_0470	1.10754843
biodiversity_0472	1.59590661
biodiversity_0473	0.69956748
biodiversity_0475	0.53491161
biodiversity_0478	2.72080931
biodiversity_0480	3.08016983
biodiversity_0481	1.30322591
biodiversity_0482	0.97285881
biodiversity_0483	1.38998695
biodiversity_0485	0.65374061
biodiversity_0486	0.58824532
biodiversity_0492	0.78196863
biodiversity_0493	0.92514494
biodiversity_0495	0.50930744
biodiversity_0496	0.73498168
biodiversity_0497	0.82829958
biodiversity_0499	3.67104316
biodiversity_0500	2.78437243
biodiversity_0501	1.05518381
biodiversity_0502	0.84892740
biodiversity_0503	0.59124085
biodiversity_0507	0.50000311
biodiversity_0508	1.16805460
biodiversity_0509	1.80146584
biodiversity_0512	3.67104316
biodiversity_0514	1.07996413
biodiversity_0515	0.51514491
biodiversity_0516	0.55976728
biodiversity_0518	0.83692076
biodiversity_0522	0.51373892
biodiversity_0523	0.70236135
biodiversity_0524	1.19478225
biodiversity_0525	2.83670235
biodiversity_0527	2.14764291
biodiversity_0529	0.53191608
biodiversity_0532	0.81056811
biodiversity_0536	1.09594278
biodiversity_0537	1.44177866
biodiversity_0540	0.86521266
biodiversity_0542	0.60303418
biodiversity_0543	1.16806822
biodiversity_0545	2.97131529
biodiversity_0546	3.67104316
biodiversity_0547	3.67104316
biodiversity_0548	0.92976025
biodiversity_0549	0.64167612
biodiversity_0554	0.51299214
biodiversity_0555	1.68951878
biodiversity_0558	0.50000411
biodiversity_0562	0.54746909
biodiversity_0564	0.58392632
biodiversity_0565	0.56974961
biodiversity_0566	0.50876450
biodiversity_0567	0.50000311
biodiversity_0568	0.50000293
biodiversity_0569	0.52898543
biodiversity_0571	3.29612000
biodiversity_0574	1.27047955
biodiversity_0575	0.51169700
biodiversity_0577	0.50000300
biodiversity_0579	1.25182110
biodiversity_0580	2.19476533
biodiversity_0581	1.67895715
biodiversity_0583	1.02810519
biodiversity_0584	0.79780774
biodiversity_0587	0.84006160
biodiversity_0591	1.46815660
biodiversity_0592	1.58796088
biodiversity_0594	1.48134194
biodiversity_0595	0.70709227
biodiversity_0600	0.55339842
biodiversity_0601	0.51204666
biodiversity_0602	1.19590735
biodiversity_0604	1.11068102
biodiversity_0605	0.58393761
biodiversity_0607	0.92893000
biodiversity_0608	0.62340285
biodiversity_0609	0.65308071
biodiversity_0610	1.14614510
biodiversity_0611	0.52324589
biodiversity_0612	0.52944291
biodiversity_0613	0.50858471
biodiversity_0614	0.50000250
biodiversity_0615	0.53169755
biodiversity_0616	0.92523828
biodiversity_0620	1.25714190
biodiversity_0621	1.06232023
biodiversity_0623	0.56407695
biodiversity_0624	0.57696748
biodiversity_0626	1.74830264
biodiversity_0627	1.79480852
biodiversity_0629	0.55916013
biodiversity_0632	0.55247885
biodiversity_0633	0.55367886
biodiversity_0636	3.47338144
biodiversity_0637	0.72960270
biodiversity_0639	2.92631127
biodiversity_0642	0.92455839
biodiversity_0644	0.50254611
biodiversity_0645	0.52885311
biodiversity_0646	0.66186626
biodiversity_0649	1.16551073
biodiversity_0650	1.12593758
biodiversity_0652	0.64120236
biodiversity_0653	0.62099539
biodiversity_0655	0.65030835
biodiversity_0656	0.91834071
biodiversity_0657	1.22915729
biodiversity_0660	0.57768660
biodiversity_0661	0.77220801
biodiversity_0664	0.94868274
biodiversity_0666	0.93526687
biodiversity_0669	0.66981238
biodiversity_0670	0.56234531
biodiversity_0671	0.57309118
biodiversity_0672	0.78448813
biodiversity_0674	1.02938629
biodiversity_0675	0.55706292
biodiversity_0676	0.54998414
biodiversity_0677	0.52058984
biodiversity_0678	0.59407345
biodiversity_0680	0.51527795
biodiversity_0682	3.36826204
biodiversity_0683	2.45344176
biodiversity_0684	0.70633580
biodiversity_0685	2.26679953
biodiversity_0686	3.67104316
biodiversity_0687	3.67104316
biodiversity_0690	0.76106760
biodiversity_0692	0.52931172
biodiversity_0695	0.83485957
biodiversity_0696	1.50793379
biodiversity_0697	1.09827908
biodiversity_0702	0.68397626
biodiversity_0704	0.69512040
biodiversity_0705	0.52579068
biodiversity_0708	0.99459935
biodiversity_0710	0.71119881
biodiversity_0712	0.96700934
biodiversity_0716	0.50000286
biodiversity_0717	0.53735405
biodiversity_0718	0.54139088
biodiversity_0719	0.51584793
biodiversity_0720	0.56370843
biodiversity_0722	0.59479048
biodiversity_0723	0.53734016
biodiversity_0725	0.56434263
biodiversity_0726	0.55305594
biodiversity_0727	0.50000341
biodiversity_0728	1.35324864
biodiversity_0729	3.67104316
biodiversity_0731	1.13302398
biodiversity_0732	3.05725016
biodiversity_0733	3.67104316
biodiversity_0735	3.67104316
biodiversity_0737	0.62960457
biodiversity_0738	0.51011586
biodiversity_0742	0.58859786
biodiversity_0743	1.17584644
biodiversity_0745	0.87335844
biodiversity_0747	0.50000250
biodiversity_0749	0.54600778
biodiversity_0750	0.54656931
biodiversity_0751	0.50479859
biodiversity_0752	1.14922394
biodiversity_0753	0.65853608
biodiversity_0756	0.57069106
biodiversity_0758	0.51262056
biodiversity_0759	0.78863127
biodiversity_0760	0.76582983
biodiversity_0761	0.50000285
biodiversity_0763	0.50000301
biodiversity_0765	0.83370083
biodiversity_0766	1.13915835
biodiversity_0768	0.54632041
biodiversity_0769	0.55853444
biodiversity_0770	0.50000317
biodiversity_0771	0.52061081
biodiversity_0772	0.78948958
biodiversity_0774	1.20475760
biodiversity_0775	0.91289715
biodiversity_0776	3.27343473
biodiversity_0777	3.67104316
biodiversity_0778	1.54686009
biodiversity_0780	3.67104316
biodiversity_0781	3.29071327
biodiversity_0782	3.67104316
biodiversity_0783	2.50630595
biodiversity_0784	1.47203161
biodiversity_0785	0.86431215
biodiversity_0786	0.54401073
biodiversity_0787	0.54614035
biodiversity_0788	0.51252933
biodiversity_0789	0.50000271
biodiversity_0792	0.81488040
biodiversity_0794	0.50000250
biodiversity_0795	0.52109907
biodiversity_0796	0.60615783
biodiversity_0798	0.51479194
biodiversity_0799	1.19631869
biodiversity_0800	0.59643355
biodiversity_0801	0.50501715
biodiversity_0802	0.50000250
biodiversity_0805	0.53699649
biodiversity_0806	0.62572440
biodiversity_0807	0.56429035
biodiversity_0808	0.50000357
biodiversity_0810	0.50000286
biodiversity_0812	0.83855206
biodiversity_0815	0.52587484
biodiversity_0817	0.50000250
biodiversity_0818	0.50362926
biodiversity_0819	1.82046692
biodiversity_0820	3.67104316
biodiversity_0821	3.58083459
biodiversity_0822	0.76651943
biodiversity_0825	0.83271826
biodiversity_0826	0.94233711
biodiversity_0830	1.27960662
biodiversity_0831	2.00683778
biodiversity_0832	0.91458917
biodiversity_0833	0.50000318
biodiversity_0834	0.50000307
biodiversity_0836	0.51281259
biodiversity_0838	1.37454170
biodiversity_0839	0.96567408
biodiversity_0840	0.57018284
biodiversity_0841	0.68597850
biodiversity_0842	0.94113000
biodiversity_0844	0.55722757
biodiversity_0845	0.51475918
biodiversity_0846	0.63675419
biodiversity_0847	0.50000302
biodiversity_0849	0.50000391
biodiversity_0851	0.50000345
biodiversity_0853	0.55754559
biodiversity_0854	0.72774402
biodiversity_0856	0.55707976
biodiversity_0859	0.59078925
biodiversity_0861	0.55057451
biodiversity_0862	0.55108911
biodiversity_0863	0.57907460
biodiversity_0867	3.67104316
biodiversity_0870	0.51644250
biodiversity_0871	0.50000250
biodiversity_0872	0.50000265
biodiversity_0874	0.53977350
biodiversity_0875	0.60052769
biodiversity_0876	0.56096261
biodiversity_0877	0.82433048
biodiversity_0878	0.88029623
biodiversity_0879	0.54206464
biodiversity_0880	0.50000289
biodiversity_0881	0.51442825
biodiversity_0882	0.60165921
biodiversity_0884	0.54306194
biodiversity_0885	0.94337017
biodiversity_0886	1.12469409
biodiversity_0887	0.61245507
biodiversity_0890	0.83217189
biodiversity_0892	0.54753657
biodiversity_0893	0.53551544
biodiversity_0894	0.50000283
biodiversity_0895	0.50000250
biodiversity_0897	0.50000250
biodiversity_0898	0.50000250
biodiversity_0900	0.60810190
biodiversity_0901	0.80564838
biodiversity_0903	0.56543655
biodiversity_0904	0.50000301
biodiversity_0905	0.50000250
biodiversity_0907	0.50000273
biodiversity_0909	0.51567157
biodiversity_0911	0.63632341
biodiversity_0914	3.40635018
biodiversity_0915	1.59400205
biodiversity_0916	0.68633007
biodiversity_0917	0.52562687
biodiversity_0920	0.50467768
biodiversity_0921	0.53294950
biodiversity_0923	0.50000250
biodiversity_0924	1.09002889
biodiversity_0925	1.12282087
biodiversity_0926	0.54660194
biodiversity_0929	0.68095071
biodiversity_0930	0.65931946
biodiversity_0931	0.51218644
biodiversity_0932	0.79916118
biodiversity_0933	0.91759459
biodiversity_0934	0.57749223
biodiversity_0935	0.54975454
biodiversity_0937	0.81660189
biodiversity_0938	0.86055553
biodiversity_0939	0.78625973
biodiversity_0942	0.51975488
biodiversity_0943	0.50000250
biodiversity_0944	0.50000250
biodiversity_0947	0.70352913
biodiversity_0948	0.60621043
biodiversity_0949	0.55124241
biodiversity_0951	0.94577499
biodiversity_0953	0.50000250
biodiversity_0954	0.50000254
biodiversity_0955	0.50000332
biodiversity_0956	0.74414558
biodiversity_0960	3.67104316
biodiversity_0961	2.45650866
biodiversity_0962	0.56831157
biodiversity_0964	0.51466718
biodiversity_0966	0.50000258
biodiversity_0967	0.50000260
biodiversity_0968	0.50000250
biodiversity_0970	0.50000250
biodiversity_0971	0.87779817
biodiversity_0972	0.91102635
biodiversity_0973	0.53765819
biodiversity_0974	0.50000250
biodiversity_0975	0.50000283
biodiversity_0976	0.67422263
biodiversity_0979	0.68234034
biodiversity_0980	0.84967752
biodiversity_0982	0.50000323
biodiversity_0983	0.75651479
biodiversity_0985	3.55109186
biodiversity_0987	0.87793281
biodiversity_0990	0.50000250
biodiversity_0991	0.50000250
biodiversity_0992	0.50000250
biodiversity_0995	0.50759130
biodiversity_0996	0.50120631
biodiversity_0998	1.33835694
biodiversity_1000	0.50777927
biodiversity_1001	0.50000311
biodiversity_1002	0.68102383
biodiversity_1004	2.13908773
biodiversity_1005	1.88415766
biodiversity_1006	2.65749793
biodiversity_1007	3.67104316
biodiversity_1008	1.52363313
biodiversity_1009	0.51577336
biodiversity_1010	0.50626053
biodiversity_1011	0.52590846
biodiversity_1012	0.52271199
biodiversity_1014	0.50000250
biodiversity_1015	0.50802865
biodiversity_1016	0.51371339
biodiversity_1018	0.50186732
biodiversity_1019	0.50143068
biodiversity_1020	0.50000250
biodiversity_1021	0.50000283
biodiversity_1022	0.50000279
biodiversity_1023	0.80492134
biodiversity_1026	0.56283556
biodiversity_1027	0.73482485
biodiversity_1028	0.61818874
biodiversity_1031	3.67104316
biodiversity_1034	0.71562391
biodiversity_1036	0.50000250
biodiversity_1037	0.50234669
biodiversity_1038	0.50445912
biodiversity_1039	0.66401793
biodiversity_1041	0.81915246
biodiversity_1043	0.50145232
biodiversity_1044	0.66016210
biodiversity_1046	0.61573805
biodiversity_1047	0.54265540
biodiversity_1048	0.57285688
biodiversity_1049	0.84540529
biodiversity_1050	0.93637194
biodiversity_1054	3.67104316
biodiversity_1057	1.13520653
biodiversity_1059	1.00011406
biodiversity_1061	0.50000250
biodiversity_1062	0.66504361
biodiversity_1064	0.50000689
biodiversity_1065	0.50000603
biodiversity_1066	0.50000331
biodiversity_1067	0.53423414
biodiversity_1068	0.53485343
biodiversity_1073	0.58728375
biodiversity_1074	1.04662532
biodiversity_1075	0.88612209
biodiversity_1076	0.50027919
biodiversity_1077	0.99328872
biodiversity_1078	2.20554705
biodiversity_1079	2.44965944
biodiversity_1080	1.76812440
biodiversity_1081	0.50000375
biodiversity_1082	0.50000263
biodiversity_1083	0.50000263
biodiversity_1084	0.68546907
biodiversity_1085	0.82571626
biodiversity_1088	0.96374920
biodiversity_1090	0.50026308
biodiversity_1091	0.52992414
biodiversity_1092	0.54096456
biodiversity_1093	0.57562176
biodiversity_1095	0.63193162
biodiversity_1097	0.71913030
biodiversity_1100	3.67104316
biodiversity_1101	3.67104316
biodiversity_1103	1.21733252
biodiversity_1104	3.03283479
biodiversity_1105	2.76705543
biodiversity_1106	1.11743520
biodiversity_1108	0.54061579
biodiversity_1110	1.21208054
biodiversity_1111	0.74381074
biodiversity_1114	1.34401355
biodiversity_1115	1.20403483
biodiversity_1116	0.65867623
biodiversity_1117	0.69820990
biodiversity_1118	0.96062892
biodiversity_1119	0.76745282
biodiversity_1121	1.07883818
biodiversity_1122	0.97304690
biodiversity_1123	0.51989386
biodiversity_1125	0.71369160
biodiversity_1127	0.54034655
biodiversity_1128	0.50000459
biodiversity_1131	0.72196627
biodiversity_1136	0.50203098
biodiversity_1137	0.50000319
biodiversity_1140	0.63069620
biodiversity_1143	0.50012965
biodiversity_1144	0.50000292
biodiversity_1145	0.64873997
biodiversity_1146	1.32337835
biodiversity_1147	2.31774956
biodiversity_1148	2.41033577
biodiversity_1149	1.21756199
biodiversity_1152	1.24009976
biodiversity_1153	0.84551970
biodiversity_1155	0.97232807
biodiversity_1156	1.20113999
biodiversity_1157	1.20433927
biodiversity_1158	1.47826515
biodiversity_1160	2.44594457
biodiversity_1163	1.27576665
biodiversity_1164	1.93464191
biodiversity_1166	0.83737440
biodiversity_1167	0.53951579
biodiversity_1168	1.02942786
biodiversity_1169	0.97999851
biodiversity_1170	0.51888595
biodiversity_1172	0.50000250
biodiversity_1175	0.54129651
biodiversity_1177	0.54307801
biodiversity_1178	0.63084645
biodiversity_1179	0.62572865
biodiversity_1181	0.82542014
biodiversity_1182	0.72198798
biodiversity_1188	0.62186961
biodiversity_1189	0.66475407
biodiversity_1190	0.50000318
biodiversity_1192	0.60477892
biodiversity_1193	0.87842095
biodiversity_1194	0.96110536
biodiversity_1195	1.29400067
biodiversity_1199	0.93862223
biodiversity_1200	1.13308758
biodiversity_1201	1.31198555
biodiversity_1202	0.86885816
biodiversity_1204	1.35455084
biodiversity_1208	2.01881569
biodiversity_1209	1.23447130
biodiversity_1210	1.33880380
biodiversity_1211	2.08950748
biodiversity_1212	1.70314212
biodiversity_1213	0.74499985
biodiversity_1214	0.69979366
biodiversity_1215	1.24120526
biodiversity_1216	1.48211121
biodiversity_1221	0.50001170
biodiversity_1223	0.52719537
biodiversity_1224	0.54400606
biodiversity_1226	0.59065652
biodiversity_1229	0.70643486
biodiversity_1230	0.53449722
biodiversity_1231	0.50076990
biodiversity_1232	0.53722603
biodiversity_1233	0.63003589
biodiversity_1235	0.50924534
biodiversity_1237	0.50000655
biodiversity_1238	0.51280955
biodiversity_1239	0.80941552
biodiversity_1240	1.13971046
biodiversity_1242	1.09498832
biodiversity_1243	1.18633886
biodiversity_1244	1.05412068
biodiversity_1247	0.88167770
biodiversity_1249	0.50071667
biodiversity_1251	0.92075615
biodiversity_1252	0.94785285
biodiversity_1253	0.93397512
biodiversity_1254	1.43497728
biodiversity_1255	1.91542791
biodiversity_1258	0.92103903
biodiversity_1259	0.69692901
biodiversity_1260	0.51147463
biodiversity_1265	0.72428070
biodiversity_1266	0.50000250
biodiversity_1268	0.50001164
biodiversity_1269	0.70970490
biodiversity_1271	1.33687991
biodiversity_1274	0.56555172
biodiversity_1275	0.55954159
biodiversity_1276	0.52111124
biodiversity_1278	0.50000316
biodiversity_1280	0.52470150
biodiversity_1283	0.50000551
biodiversity_1284	0.57524808
biodiversity_1285	0.80969710
biodiversity_1286	0.81764990
biodiversity_1288	0.83217341
biodiversity_1290	0.69145240
biodiversity_1292	0.50000335
biodiversity_1293	0.50000281
biodiversity_1294	0.50000286
biodiversity_1295	0.50000267
biodiversity_1297	0.50000288
biodiversity_1299	0.58363402
biodiversity_1300	1.00069802
biodiversity_1301	2.04681526
biodiversity_1302	3.32628831
biodiversity_1304	1.83574715
biodiversity_1305	0.88908211
biodiversity_1306	1.19445035
biodiversity_1307	1.33959346
biodiversity_1308	1.20459452
biodiversity_1311	1.91955045
biodiversity_1312	0.91039974
biodiversity_1313	0.53333384
biodiversity_1314	0.50000250
biodiversity_1315	0.50001159
biodiversity_1316	0.55189579
biodiversity_1318	3.67104316
biodiversity_1319	3.67104316
biodiversity_1320	1.52014205
biodiversity_1321	0.79326008
biodiversity_1322	0.53924592
biodiversity_1323	0.68046868
biodiversity_1324	0.76009102
biodiversity_1325	0.53256388
biodiversity_1326	0.50000314
biodiversity_1328	0.56535281
biodiversity_1329	0.63303326
biodiversity_1330	0.60023607
biodiversity_1331	1.46242193
biodiversity_1332	1.51001892
biodiversity_1334	0.50308692
biodiversity_1335	0.79180966
biodiversity_1336	1.00640336
biodiversity_1337	0.63697087
biodiversity_1338	0.50000250
biodiversity_1339	0.50000288
biodiversity_1340	0.50000292
biodiversity_1341	0.50000326
biodiversity_1342	0.50000293
biodiversity_1343	0.50000250
biodiversity_1344	0.50000285
biodiversity_1346	0.50000390
biodiversity_1347	0.62992367
biodiversity_1348	0.92304327
biodiversity_1350	1.80447809
biodiversity_1351	1.30284958
biodiversity_1352	1.07924234
biodiversity_1353	1.53495750
biodiversity_1356	2.87945883
biodiversity_1358	1.29006287
biodiversity_1359	1.08002715
biodiversity_1361	0.52848980
biodiversity_1362	0.59050172
biodiversity_1367	3.52960873
biodiversity_1368	1.59569600
biodiversity_1369	0.51673991
biodiversity_1370	0.67615784
biodiversity_1371	0.73273765
biodiversity_1374	0.50000564
biodiversity_1375	0.65293659
biodiversity_1377	0.61782329
biodiversity_1378	1.08990458
biodiversity_1380	0.50912897
biodiversity_1381	0.51526322
biodiversity_1383	1.61105538
biodiversity_1384	0.69665883
biodiversity_1385	0.65155918
biodiversity_1387	0.56104780
biodiversity_1388	0.50000322
biodiversity_1389	0.50000336
biodiversity_1390	0.50000332
biodiversity_1391	0.50000279
biodiversity_1394	0.50000282
biodiversity_1396	0.61914856
biodiversity_1398	1.21548546
biodiversity_1399	1.52993981
biodiversity_1400	1.67969902
biodiversity_1404	1.75543295
biodiversity_1406	1.41672812
biodiversity_1407	0.94023406
biodiversity_1408	0.78639979
biodiversity_1410	0.51884054
biodiversity_1411	1.26220886
biodiversity_1412	2.88531067
biodiversity_1413	3.67104316
biodiversity_1415	3.08917691
biodiversity_1416	0.68434295
biodiversity_1419	0.50000358
biodiversity_1421	0.50000742
biodiversity_1423	0.53084728
biodiversity_1425	0.50000399
biodiversity_1426	0.50000291
biodiversity_1430	1.21251159
biodiversity_1431	0.65687964
biodiversity_1433	0.75901961
biodiversity_1435	0.50000293
biodiversity_1436	0.50000344
biodiversity_1439	0.50000367
biodiversity_1441	0.50000271
biodiversity_1442	0.50000254
biodiversity_1443	0.50000315
biodiversity_1444	0.50021635
biodiversity_1447	2.61655244
biodiversity_1449	3.67104316
biodiversity_1450	3.67104316
biodiversity_1451	1.47775926
biodiversity_1452	1.18403288
biodiversity_1453	1.80337292
biodiversity_1454	1.29821026
biodiversity_1455	0.82098088
biodiversity_1456	1.34643956
biodiversity_1457	0.56329856
biodiversity_1458	1.24185588
biodiversity_1459	3.67104316
biodiversity_1460	3.67104316
biodiversity_1461	3.67104316
biodiversity_1463	1.02040777
biodiversity_1464	0.53067521
biodiversity_1465	0.61544939
biodiversity_1466	0.58104312
biodiversity_1467	0.50000674
biodiversity_1469	0.50000250
biodiversity_1470	0.50000250
biodiversity_1471	0.50000253
biodiversity_1472	0.50000250
biodiversity_1477	0.76619887
biodiversity_1478	0.89011178
biodiversity_1479	0.70736516
biodiversity_1480	0.53296468
biodiversity_1481	0.50000342
biodiversity_1484	0.50000330
biodiversity_1485	0.50000260
biodiversity_1487	0.50000280
biodiversity_1488	0.50000311
biodiversity_1489	1.12572656
biodiversity_1490	1.44749593
biodiversity_1491	1.01622387
biodiversity_1492	2.03922910
biodiversity_1495	2.81829172
biodiversity_1496	3.08979998
biodiversity_1497	3.01242241
biodiversity_1499	0.97887107
biodiversity_1500	1.35518022
biodiversity_1501	0.89417089
biodiversity_1502	0.57655834
biodiversity_1508	1.58783856
biodiversity_1510	1.48547046
biodiversity_1511	0.79482451
biodiversity_1513	0.65981212
biodiversity_1514	0.52323815
biodiversity_1515	0.50000284
biodiversity_1516	0.50000250
biodiversity_1517	0.50000250
biodiversity_1518	0.50000250
biodiversity_1519	0.50000250
biodiversity_1520	0.50000250
biodiversity_1521	0.50000250
biodiversity_1522	0.50000250
biodiversity_1526	0.80175467
biodiversity_1527	0.50000293
biodiversity_1528	0.50000250
biodiversity_1529	0.50000313
biodiversity_1532	0.59223337
biodiversity_1533	0.58411425
biodiversity_1535	0.50000361
biodiversity_1536	1.47435640
biodiversity_1537	3.67104316
biodiversity_1539	1.84538790
biodiversity_1540	3.19363987
biodiversity_1542	2.02553531
biodiversity_1543	1.26792352
biodiversity_1545	1.04109718
biodiversity_1546	1.51665343
biodiversity_1547	1.30633214
biodiversity_1548	0.50998180
biodiversity_1549	0.56319054
biodiversity_1551	0.60692380
biodiversity_1552	0.65456603
biodiversity_1553	1.05334041
biodiversity_1555	0.77085630
biodiversity_1556	1.09889240
biodiversity_1557	1.47790846
biodiversity_1558	1.23872147
biodiversity_1560	0.56000423
biodiversity_1561	0.52222252
biodiversity_1562	0.50000353
biodiversity_1563	0.50000290
biodiversity_1564	0.50000276
biodiversity_1565	0.50000250
biodiversity_1566	0.50000250
biodiversity_1567	0.50000250
biodiversity_1568	0.50000250
biodiversity_1571	0.55681860
biodiversity_1572	0.92994804
biodiversity_1574	0.61651469
biodiversity_1575	0.50521154
biodiversity_1576	0.50000352
biodiversity_1577	0.50000320
biodiversity_1580	0.98998423
biodiversity_1581	0.63302887
biodiversity_1582	0.50000375
biodiversity_1583	0.84828941
biodiversity_1584	1.62211466
biodiversity_1585	1.23798437
biodiversity_1586	1.25370948
biodiversity_1587	1.91752160
biodiversity_1588	2.69214922
biodiversity_1589	2.78337578
biodiversity_1590	1.27853662
biodiversity_1594	1.10800424
biodiversity_1595	0.50185807
biodiversity_1597	0.69579062
biodiversity_1599	0.59781037
biodiversity_1600	0.64142508
biodiversity_1603	0.72678640
biodiversity_1604	1.20150874
biodiversity_1605	1.14086194
biodiversity_1606	0.77718831
biodiversity_1607	0.56065701
biodiversity_1610	0.50000469
biodiversity_1611	0.50000372
biodiversity_1612	0.50000276
biodiversity_1616	0.50000250
biodiversity_1617	0.50000250
biodiversity_1618	0.50000271
biodiversity_1620	1.40702525
biodiversity_1621	1.12740664
biodiversity_1623	0.50000319
biodiversity_1624	0.50000299
biodiversity_1628	0.64947413
biodiversity_1630	0.50971606
biodiversity_1631	0.60019347
biodiversity_1632	0.98434078
biodiversity_1635	1.13314827
biodiversity_1636	2.83637555
biodiversity_1638	0.60921082
biodiversity_1639	1.02562202
biodiversity_1641	0.80097952
biodiversity_1642	0.58544550
biodiversity_1643	0.59491981
biodiversity_1644	0.72742749
biodiversity_1646	0.96060559
biodiversity_1647	0.72433101
biodiversity_1650	0.68853578
biodiversity_1651	0.86010779
biodiversity_1653	0.61206381
biodiversity_1654	0.55665351
biodiversity_1656	0.50000293
biodiversity_1659	0.50000254
biodiversity_1661	0.51114889
biodiversity_1662	0.50470174
biodiversity_1664	0.50000250
biodiversity_1665	0.50000253
biodiversity_1669	0.57544008
biodiversity_1670	0.50000250
biodiversity_1671	0.50000280
biodiversity_1674	1.06332803
biodiversity_1675	0.50000258
biodiversity_1677	0.56353348
biodiversity_1678	0.65613973
biodiversity_1679	1.04906845
biodiversity_1680	0.84558200
biodiversity_1681	0.52434650
biodiversity_1684	1.25724964
biodiversity_1685	0.86585696
biodiversity_1686	1.21320147
biodiversity_1687	1.29452502
biodiversity_1688	0.87782364
biodiversity_1690	0.56678014
biodiversity_1691	0.63846976
biodiversity_1693	1.06994859
biodiversity_1694	0.69797522
biodiversity_1696	0.77682834
biodiversity_1697	0.70622622
biodiversity_1699	0.67568774
biodiversity_1701	0.50074407
biodiversity_1702	0.50000257
biodiversity_1703	0.50000263
biodiversity_1706	0.50000271
biodiversity_1709	0.55294524
biodiversity_1710	0.50138783
biodiversity_1711	0.51905925
biodiversity_1712	0.54868949
biodiversity_1714	0.74883049
biodiversity_1715	0.88443772
biodiversity_1717	0.50000250
biodiversity_1720	0.50000250
biodiversity_1721	0.50000303
biodiversity_1722	0.50000262
biodiversity_1726	0.90053458
biodiversity_1727	0.61982141
biodiversity_1729	0.68729076
biodiversity_1731	0.74114142
biodiversity_1732	1.15204761
biodiversity_1735	0.72853069
biodiversity_1736	0.55616650
biodiversity_1737	0.50000327
biodiversity_1738	0.50001129
biodiversity_1739	0.82773285
biodiversity_1741	0.70855805
biodiversity_1742	0.52673975
biodiversity_1743	0.72992003
biodiversity_1744	0.68702150
biodiversity_1746	0.66002606
biodiversity_1748	0.50000273
biodiversity_1753	0.50000250
biodiversity_1754	0.50000250
biodiversity_1756	0.63358589
biodiversity_1757	0.57370267
biodiversity_1758	0.53518469
biodiversity_1759	0.54264064
biodiversity_1760	0.54215729
biodiversity_1761	0.67268268
biodiversity_1762	0.75911046
biodiversity_1763	0.57553825
biodiversity_1764	0.50000250
biodiversity_1765	0.54675533
biodiversity_1768	0.50000325
biodiversity_1769	0.50000259
biodiversity_1770	0.50000250
biodiversity_1771	0.59271589
biodiversity_1772	0.93806072
biodiversity_1773	0.88849161
biodiversity_1775	0.52649093
biodiversity_1776	0.75920023
biodiversity_1777	0.76438652
biodiversity_1779	1.20528020
biodiversity_1780	1.06336839
biodiversity_1781	0.54853749
biodiversity_1782	0.52627876
biodiversity_1783	0.52562167
biodiversity_1784	0.50000326
biodiversity_1785	0.50001132
biodiversity_1786	0.54343747
biodiversity_1787	0.73084626
biodiversity_1788	0.72228135
biodiversity_1789	0.50000250
biodiversity_1790	0.60443028
biodiversity_1791	0.67802183
biodiversity_1796	0.50000576
biodiversity_1797	0.50000549
biodiversity_1799	0.50000253
biodiversity_1801	0.51655548
biodiversity_1803	0.81728654
biodiversity_1805	0.59126639
biodiversity_1806	0.50201438
biodiversity_1809	0.77468211
biodiversity_1810	0.76998866
biodiversity_1811	0.50000264
biodiversity_1812	0.50000310
biodiversity_1815	0.50000318
biodiversity_1816	0.54825224
biodiversity_1817	0.54221932
biodiversity_1818	0.50000250
biodiversity_1819	0.64756700
biodiversity_1821	0.78705296
biodiversity_1822	0.58430089
biodiversity_1823	0.73613634
biodiversity_1825	0.62966797
biodiversity_1826	0.94765803
biodiversity_1827	0.90499245
biodiversity_1828	0.53165532
biodiversity_1829	0.50000330
biodiversity_1830	0.50000363
biodiversity_1831	0.55266735
biodiversity_1832	0.63182042
biodiversity_1833	0.59095119
biodiversity_1834	0.57348625
biodiversity_1836	0.53101734
biodiversity_1837	0.53840210
biodiversity_1840	0.53240060
biodiversity_1841	0.50000558
biodiversity_1842	0.50452600
biodiversity_1843	0.52048420
biodiversity_1845	0.51224732
biodiversity_1846	0.50000268
biodiversity_1847	0.50000334
biodiversity_1848	0.56913133
biodiversity_1849	0.59463793
biodiversity_1850	0.72633962
biodiversity_1853	0.50000259
biodiversity_1854	0.50000297
biodiversity_1855	0.50000340
biodiversity_1857	0.74389145
biodiversity_1858	0.51243419
biodiversity_1859	0.50000272
biodiversity_1860	0.50000331
biodiversity_1861	0.50000264
biodiversity_1862	0.50000261
biodiversity_1863	0.54392424
biodiversity_1867	0.97533202
biodiversity_1868	1.11709830
biodiversity_1870	0.80056598
biodiversity_1871	0.86151598
biodiversity_1872	0.74985070
biodiversity_1873	0.70044662
biodiversity_1874	0.66364323
biodiversity_1875	0.62301991
biodiversity_1876	0.50000406
biodiversity_1877	0.50000361
biodiversity_1879	0.99330404
biodiversity_1880	0.63494662
biodiversity_1882	0.54472484
biodiversity_1883	0.53499015
biodiversity_1884	0.50000304
biodiversity_1885	0.51976796
biodiversity_1886	0.56350594
biodiversity_1888	0.56530090
biodiversity_1889	0.75915702
biodiversity_1891	0.76043557
biodiversity_1893	0.52129478
biodiversity_1896	0.55382534
biodiversity_1897	0.53129786
biodiversity_1899	0.50000250
biodiversity_1900	0.50000256
biodiversity_1901	0.50000295
biodiversity_1902	0.50000253
biodiversity_1903	0.55133162
biodiversity_1905	0.53978360
biodiversity_1907	0.50000302
biodiversity_1909	0.50000250
biodiversity_1910	0.50000250
biodiversity_1912	0.50000250
biodiversity_1915	1.81167375
biodiversity_1916	1.42935749
biodiversity_1917	1.44296365
biodiversity_1919	0.74186965
biodiversity_1920	1.40724018
biodiversity_1921	2.22089161
biodiversity_1922	1.61086201
biodiversity_1923	0.65446542
biodiversity_1924	0.78366431
biodiversity_1926	0.98378634
biodiversity_1929	0.50262506
biodiversity_1930	0.52664336
biodiversity_1934	0.57837150
biodiversity_1936	0.71354973
biodiversity_1939	0.64355537
biodiversity_1941	0.52113186
biodiversity_1943	0.50000284
biodiversity_1944	0.55246504
biodiversity_1945	0.55821569
biodiversity_1946	0.50000303
biodiversity_1948	0.50000323
biodiversity_1950	0.50469701
biodiversity_1952	0.64333514
biodiversity_1953	0.50027420
biodiversity_1954	0.50000307
biodiversity_1956	0.50000250
biodiversity_1957	0.50000250
biodiversity_1958	0.51299971
biodiversity_1959	0.64016810
biodiversity_1960	0.95365008
biodiversity_1961	1.20941822
biodiversity_1962	1.45344964
biodiversity_1963	1.25947512
biodiversity_1965	1.88507445
biodiversity_1967	2.57683199
biodiversity_1968	3.67104316
biodiversity_1971	1.06969892
biodiversity_1972	0.97453886
biodiversity_1973	0.85240853
biodiversity_1975	0.51933545
biodiversity_1976	0.50000341
biodiversity_1977	0.52303460
biodiversity_1979	0.51427893
biodiversity_1980	0.52258027
biodiversity_1982	0.60027553
biodiversity_1983	0.50000250
biodiversity_1984	0.50000772
biodiversity_1985	0.50001011
biodiversity_1986	0.56074684
biodiversity_1987	0.57514897
biodiversity_1988	0.53179126
biodiversity_1989	0.50000663
biodiversity_1991	0.53440105
biodiversity_1993	0.50000345
biodiversity_1996	0.50717450
biodiversity_1998	0.79232030
biodiversity_1999	1.12308224
biodiversity_2000	0.80386499
biodiversity_2001	0.50000300
biodiversity_2002	0.50000261
biodiversity_2006	1.21348224
biodiversity_2007	1.24319958
biodiversity_2008	0.83587335
biodiversity_2009	0.68992698
biodiversity_2011	3.67104316
biodiversity_2012	3.67104316
biodiversity_2013	1.81865804
biodiversity_2014	2.28895863
biodiversity_2015	3.67104316
biodiversity_2016	2.76939791
biodiversity_2017	0.85202831
biodiversity_2019	0.67640788
biodiversity_2020	0.71740139
biodiversity_2022	0.50000283
biodiversity_2023	0.50000272
biodiversity_2024	0.50000250
biodiversity_2026	0.50568972
biodiversity_2027	0.50603624
biodiversity_2029	0.67536122
biodiversity_2031	0.79667681
biodiversity_2032	0.60190640
biodiversity_2033	0.50000357
biodiversity_2036	0.50000491
biodiversity_2037	0.50000250
biodiversity_2042	0.50000250
biodiversity_2043	0.50625118
biodiversity_2044	0.57336086
biodiversity_2047	0.81085197
biodiversity_2048	0.50000251
biodiversity_2049	0.50371606
biodiversity_2050	0.62459473
biodiversity_2051	0.75052178
biodiversity_2053	1.26491114
biodiversity_2054	0.91073379
biodiversity_2058	3.67104316
biodiversity_2059	3.67104316
biodiversity_2060	2.23233003
biodiversity_2061	0.94546164
biodiversity_2062	3.14763546
biodiversity_2063	3.03005300
biodiversity_2065	0.50102051
biodiversity_2066	0.50000295
biodiversity_2067	0.50001102
biodiversity_2069	0.50000277
biodiversity_2070	0.50000278
biodiversity_2072	0.50000272
biodiversity_2073	0.58049914
biodiversity_2077	0.81049803
biodiversity_2078	0.89514627
biodiversity_2082	0.66082051
biodiversity_2083	0.50000250
biodiversity_2084	0.50000251
biodiversity_2085	0.50000266
biodiversity_2086	0.50000301
biodiversity_2088	0.50000364
biodiversity_2090	0.50000250
biodiversity_2091	0.51783418
biodiversity_2093	0.62907118
biodiversity_2096	0.72901709
biodiversity_2097	1.16144960
biodiversity_2098	1.28757775
biodiversity_2099	0.71244783
biodiversity_2100	0.76182809
biodiversity_2101	0.66200335
biodiversity_2103	0.54987229
biodiversity_2104	0.91373378
biodiversity_2105	3.67104316
biodiversity_2108	1.16950656
biodiversity_2110	3.67104316
biodiversity_2111	2.74535727
biodiversity_2112	0.61543197
biodiversity_2114	0.54959967
biodiversity_2115	0.64929013
biodiversity_2116	0.50000343
biodiversity_2117	0.50000336
biodiversity_2119	0.50000306
biodiversity_2120	0.72104084
biodiversity_2121	0.69181649
biodiversity_2123	0.70120727
biodiversity_2125	0.57817599
biodiversity_2128	1.32251545
biodiversity_2130	0.50000250
biodiversity_2131	0.50000297
biodiversity_2133	0.50000262
biodiversity_2134	0.50000290
biodiversity_2135	0.51249234
biodiversity_2136	0.64873750
biodiversity_2139	0.94296512
biodiversity_2140	1.30520795
biodiversity_2141	1.01022895
biodiversity_2142	0.85571095
biodiversity_2143	0.80063817
biodiversity_2144	1.02655026
biodiversity_2146	0.50661823
biodiversity_2147	0.50001987
biodiversity_2148	0.50000383
biodiversity_2151	0.54214592
biodiversity_2157	3.11761209
biodiversity_2158	2.03182431
biodiversity_2159	0.63029789
biodiversity_2160	0.52063138
biodiversity_2161	0.55200901
biodiversity_2162	0.50000820
biodiversity_2164	0.50000473
biodiversity_2165	0.50000252
biodiversity_2168	0.59444124
biodiversity_2169	0.55563756
biodiversity_2170	0.98375860
biodiversity_2177	0.53040678
biodiversity_2179	0.61217329
biodiversity_2180	0.50025677
biodiversity_2181	0.52699195
biodiversity_2182	1.00876077
biodiversity_2184	2.74726696
biodiversity_2185	3.14749585
biodiversity_2188	1.66865653
biodiversity_2190	0.51471586
biodiversity_2191	0.50000468
biodiversity_2194	0.52016234
biodiversity_2195	0.50000318
biodiversity_2196	0.51679573
biodiversity_2198	0.51066507
biodiversity_2199	0.50000515
biodiversity_2201	0.68506579
biodiversity_2202	3.00098685
biodiversity_2203	3.67104316
biodiversity_2208	0.50001248
biodiversity_2209	0.50000958
biodiversity_2210	0.50000482
biodiversity_2212	0.50000250
biodiversity_2213	0.50000250
biodiversity_2214	0.50000250
biodiversity_2215	0.50000250
biodiversity_2216	0.57353255
biodiversity_2217	0.91721222
biodiversity_2219	0.85644529
biodiversity_2220	0.56900213
biodiversity_2221	0.50000276
biodiversity_2224	0.53167829
biodiversity_2227	0.57503758
biodiversity_2228	0.67259125
biodiversity_2229	1.28934546
biodiversity_2230	1.50428868
biodiversity_2233	1.93739999
biodiversity_2234	2.00413342
biodiversity_2236	0.50000362
biodiversity_2237	0.50000428
biodiversity_2238	0.50000437
biodiversity_2240	0.51588036
biodiversity_2242	0.50000453
biodiversity_2244	0.53084761
biodiversity_2246	0.50000461
biodiversity_2253	0.50000390
biodiversity_2254	0.50000686
biodiversity_2257	0.50000467
biodiversity_2259	0.50000250
biodiversity_2260	0.50000254
biodiversity_2261	0.50000250
biodiversity_2262	0.50000265
biodiversity_2265	0.78061162
biodiversity_2266	1.03083857
biodiversity_2267	0.72670795
biodiversity_2268	0.50000277
biodiversity_2269	0.52059146
biodiversity_2270	0.51764832
biodiversity_2272	0.50410207
biodiversity_2273	0.71918655
biodiversity_2274	0.99124010
biodiversity_2275	0.89775021
biodiversity_2276	0.71660913
biodiversity_2277	0.57453661
biodiversity_2278	0.64324446
biodiversity_2280	0.70509700
biodiversity_2281	0.85481378
biodiversity_2283	0.50000312
biodiversity_2284	0.50000273
biodiversity_2285	0.50000414
biodiversity_2286	0.50000345
biodiversity_2287	0.50000363
biodiversity_2289	0.50000445
biodiversity_2295	0.50000369
biodiversity_2296	0.68715631
biodiversity_2298	0.84592128
biodiversity_2299	0.53752560
biodiversity_2300	0.50000360
biodiversity_2301	0.50000963
biodiversity_2302	0.50001525
biodiversity_2305	0.50000301
biodiversity_2308	0.50000250
biodiversity_2312	0.77427276
biodiversity_2315	0.50513284
biodiversity_2316	0.52943535
biodiversity_2320	0.66875558
biodiversity_2321	0.93374237
biodiversity_2322	0.73534636
biodiversity_2324	0.50000287
biodiversity_2325	0.50000250
biodiversity_2326	0.50000250
biodiversity_2327	0.50000260
biodiversity_2328	0.65926197
biodiversity_2330	0.50000458
biodiversity_2331	0.50000366
biodiversity_2333	0.50000437
biodiversity_2334	0.50000425
biodiversity_2335	0.50000331
biodiversity_2336	0.50000325
biodiversity_2337	0.50000420
biodiversity_2340	0.50833520
biodiversity_2342	0.57578632
biodiversity_2344	0.50000385
biodiversity_2349	0.50001663
biodiversity_2352	0.50000787
biodiversity_2353	0.50000450
biodiversity_2354	0.50000280
biodiversity_2355	0.50000250
biodiversity_2356	0.50000296
biodiversity_2357	0.50000333
biodiversity_2358	0.52434571
biodiversity_2359	0.58207146
biodiversity_2361	1.11744182
biodiversity_2363	0.58130928
biodiversity_2364	0.79489745
biodiversity_2370	0.50957878
biodiversity_2374	0.50000250
biodiversity_2375	0.62169260
biodiversity_2379	0.50000353
biodiversity_2382	0.50000314
biodiversity_2383	0.50000354
biodiversity_2384	0.50000407
biodiversity_2385	0.50000434
biodiversity_2386	0.50000460
biodiversity_2388	1.55406134
biodiversity_2393	2.48034987
biodiversity_2395	0.50001576
biodiversity_2398	0.50001225
biodiversity_2399	0.50001150
biodiversity_2400	0.50001152
biodiversity_2403	0.50001163
biodiversity_2405	1.14411214
biodiversity_2407	0.60541198
biodiversity_2411	1.38606148
biodiversity_2412	0.78276856
biodiversity_2413	0.50001193
biodiversity_2414	0.50001190
biodiversity_2415	0.50001198
biodiversity_2416	0.50001207
biodiversity_2417	0.50001202
biodiversity_2418	0.50001612
biodiversity_2419	0.50001276
biodiversity_2420	0.60620303
biodiversity_2424	0.50001237
biodiversity_2425	0.50001231
biodiversity_2426	0.50001237
biodiversity_2427	0.50001234
biodiversity_2429	0.50001243
biodiversity_2430	0.50001251
biodiversity_2432	0.50001292
biodiversity_2433	2.62575534
biodiversity_2436	0.50001288
biodiversity_2437	0.87518269
biodiversity_2438	1.54677154
biodiversity_2439	1.21395361
biodiversity_2440	0.50001703
col1_0002	0.95643576
col1_0003	1.65301933
col1_0004	2.86328390
col1_0005	3.17345973
col1_0006	1.32119289
col1_0007	0.81557686
col1_0008	0.71526411
col1_0009	0.52419006
col1_0010	0.62769267
col1_0011	1.08604407
col1_0012	1.31374406
col1_0013	0.77892560
col1_0014	0.76511407
col1_0015	0.60925326
col1_0016	0.60451197
col1_0017	0.79150500
col1_0018	1.23880652
col1_0019	0.65558551
col1_0021	0.61547454
col1_0022	0.63246300
col1_0023	1.04962678
col1_0024	1.56909819
col1_0025	0.53952254
col1_0026	0.50720341
col1_0027	0.50839826
col1_0028	0.66399553
col1_0029	1.23904695
col1_0030	1.17171759
col1_0031	0.50001554
col1_0032	0.50001299
col1_0033	0.54339356
col1_0034	0.82529741
col1_0035	0.83381436
col1_0036	0.50001683
den0_0004	0.53575999
den0_0005	0.50001525
den0_0007	0.55084536
den0_0008	0.53644294
den0_0009	0.51451440
den0_0010	0.50001214
den0_0011	0.77866155
den0_0012	0.54276530
den0_0013	0.50000250
den0_0015	0.50001062
den0_0016	0.65047370
den0_0017	0.52915942
den0_0018	0.50000250
den0_0019	0.50000250
den0_0020	0.56187707
den0_0021	0.50435140
den0_0022	0.50000250
den0_0024	0.53773535
den0_0025	0.73465046
den0_0026	0.57564448
den0_0027	0.54305666
den0_0028	0.52316008
den0_0029	0.69009892
den0_0030	0.83981694
den0_0031	0.77215287
den0_0032	0.61162898
den0_0033	0.71777124
den0_0035	0.65492984
den0_0036	1.34032004
den0_0037	1.29312706
den0_0038	1.16181119
den0_0039	0.80277515
den0_0041	2.64638266
den0_0042	3.65584231
den0_0043	1.56681143
den0_0044	0.55251022
den0_0046	3.67104316
den0_0047	3.67104316
den0_0048	1.14224488
den1_0001	0.50001219
den1_0002	0.72737485
den1_0003	0.90014310
den1_0004	0.73878443
den1_0006	0.50000795
den1_0007	0.58821068
den1_0008	0.72815743
den1_0011	0.50000517
den1_0012	0.54372758
den1_0013	0.80324737
den1_0014	1.01942015
den1_0015	0.60813940
den1_0017	0.54132311
den1_0018	1.00727449
den1_0019	1.39659422
den1_0021	0.60161608
den1_0022	0.64681259
den1_0023	1.04948962
den1_0024	1.04199656
den2_0001	0.50659079
den2_0002	0.50659319
den2_0003	0.50758227
den2_0004	0.50796443
den2_0005	0.50001479
den2_0006	0.50001642
den2_0007	0.50001285
den2_0008	0.50001654
den3_0001	0.50001273
den3_0003	1.24561649
den3_0004	1.64246712
den3_0005	0.50000753
den3_0007	0.87288700
den3_0008	1.28057651
den3_0009	0.50001122
den3_0010	0.50000553
den3_0011	0.58314522
den3_0013	0.50001556
den3_0014	0.50001294
den4_0001	0.50001635
den4_0002	0.50001673
den4_0003	0.53203875
den4_0005	0.50001356
den4_0006	0.55675943
den4_0007	0.65678558
den4_0008	0.69428778
den4_0009	0.88219647
den4_0010	0.83066467
den4_0011	0.83744118
den4_0012	0.62995317
den4_0013	1.21747836
den4_0014	0.93305163
den4_0015	0.81423709
den4_0016	0.50001350
den4_0017	0.96704302
den4_0018	0.71003783
den4_0019	0.63146678
den4_0020	0.50001509
den5_0001	0.65952283
den5_0003	0.50064907
den5_0004	0.50322810
den5_0005	0.50001131
den5_0006	0.50001521
den6_0002	0.50001305
den6_0003	0.53602788
den6_0004	0.50001358
den6_0005	0.67243703
den6_0006	0.56640318
ireland1_0005	2.53542515
ireland1_0006	3.67104316
ireland1_0013	3.67104316
ireland1_0014	3.67104316
ireland1_0015	2.51374848
ireland1_0017	0.96037017
ireland1_0018	1.06079632
ireland1_0020	0.50922108
ireland1_0021	3.67104316
ireland1_0022	3.67104316
ireland1_0023	3.67104316
ireland1_0024	3.67104316
ireland1_0025	1.14466089
ireland1_0026	1.28190465
ireland1_0027	1.06773970
ireland1_0029	3.48093880
ireland1_0030	3.67104316
ireland1_0032	2.78586103
ireland1_0033	0.69231272
ireland1_0034	0.76379224
ireland1_0035	0.91866671
ireland1_0036	1.08167964
ireland1_0037	1.42836763
ireland1_0038	1.83416254
ireland1_0039	1.16663841
ireland1_0041	0.50000963
ireland1_0042	0.60639021
ireland1_0043	0.65934749
ireland1_0044	0.70500904
ireland1_0045	0.93428891
ireland1_0049	0.67101537
ireland1_0050	0.70089106
ireland1_0051	0.72762924
ireland1_0052	0.62920948
ireland1_0053	1.17821308
ireland1_0054	1.84451060
ireland1_0055	0.50643679
ireland1_0057	0.76328086
ireland1_0058	0.80685962
ireland1_0059	0.80559161
ireland1_0060	1.15477498
ireland1_0061	1.46615653
ireland1_0062	1.56398021
ireland1_0063	0.50643476
ireland1_0066	0.60146755
ireland1_0068	1.25000938
ireland1_0069	1.45928952
ireland1_0071	0.50001703
ireland1_0073	0.50001692
ireland1_0074	0.50001533
ireland1_0075	0.50125097
ireland1_0076	0.63652907
ireland1_0077	0.66350398
ireland1_0078	0.50001685
ireland2_0002	0.50001606
ireland2_0004	1.59984165
ireland2_0005	1.85878162
ireland2_0006	0.50001275
ireland2_0007	0.50001413
ireland2_0010	1.07867902
ireland2_0012	0.82134458
ireland2_0013	1.49880418
ireland2_0015	1.21940010
ireland2_0016	0.50001372
ireland2_0019	0.97379307
ireland2_0020	0.83481709
ireland2_0021	0.80776774
ireland2_0023	3.67104316
ireland2_0024	3.67104316
ireland2_0025	0.63863579
ireland2_0028	0.59761390
ireland2_0029	0.68910488
ireland2_0030	0.73899558
ireland2_0032	3.67104316
ireland2_0033	3.67104316
ireland2_0034	2.19282483
ireland2_0037	0.57063402
ireland2_0039	0.68888873
ireland2_0040	2.53526084
ireland2_0041	3.09734695
ireland2_0042	3.67104316
ireland2_0043	3.67104316
ireland2_0044	2.49546273
ireland2_0046	0.50001635
ireland2_0048	1.55612562
ireland2_0049	2.42936072
ireland2_0050	2.55523494
ireland2_0051	2.27723627
ireland2_0052	3.67104316
ireland2_0053	3.67104316
ireland2_0055	0.50001705
ireland2_0056	2.23384591
ireland2_0058	3.67104316
ireland2_0059	1.29689275
ireland2_0060	0.51704867
ireland2_0061	3.67104316
ireland2_0067	3.45621802
ireland2_0068	0.51704867
ireland2_0069	0.51704867
ireland2_0070	3.67104316
ireland2_0071	3.67104316
ireland2_0072	2.49883427
ireland2_0075	3.67104316
ireland2_0076	3.67104316
ireland2_0077	0.51704867
ireland2_0078	0.51704867
ireland2_0079	1.57123799
ireland2_0080	3.67104316
ireland2_0081	3.67104316
ireland2_0084	3.67104316
ireland2_0085	3.67104316
ireland2_0086	0.51704867
ireland2_0087	0.51704867
ireland2_0088	2.23851366
ireland2_0089	3.67104316
ireland2_0093	3.67104316
ireland2_0094	3.67104316
ireland2_0095	3.67104316
ireland2_0096	0.84486083
ireland2_0097	1.94300799
ireland2_0098	3.67104316
ireland2_0102	3.67104316
ireland2_0104	3.67104316
ireland2_0106	1.66805889
ireland2_0107	1.73345724
ireland2_0108	3.67104316
ireland2_0112	3.67104316
ireland2_0113	1.55388369
ireland2_0114	0.83007585
ireland2_0116	0.51704867
ireland2_0120	1.00925671
ireland2_0121	3.67104316
ireland2_0122	3.67104316
ireland2_0125	0.51704867
ireland2_0126	3.67104316
ireland2_0130	3.67104316
ireland2_0131	3.67104316
ireland2_0132	0.51704867
ireland2_0134	2.44101518
ireland2_0140	3.67104316
ireland2_0141	3.67104316
ireland2_0142	3.67104316
ireland2_0143	3.67104316
ireland2_0144	3.67104316
ireland2_0148	0.51269563
ireland2_0149	2.91569571
ireland2_0151	3.67104316
ireland2_0152	3.67104316
ireland2_0153	3.22424033
ireland2_0160	3.22228775
ireland2_0161	3.67104316
ireland2_0162	1.18689936
ireland2_0169	1.57721401
